{"epoch_": 1, "_timestamp": 1701393776.112361, "learning rate generator_train": 0.00016145238914781488, "learning rate discriminator_train": 0.00016145238914781488, "predictions_train": {"_type": "table-file", "sha256": "cb9cb30970df0a84aff874cc45de915a4f210a69410f252455bf6f5c0de15d2e", "size": 91, "artifact_path": "wandb-client-artifact://7ie861ww43c41kckjkvgwozxsvaxgagg76kzpsj7q5ra7mtqvzkacmjcpurc2r2sxhhf87owk6lh30wqpbsm3tojsa5d3qd1x7mxubx1ae1prmd1e2e8q9lvpnqzzzib:latest/predictions_train.table.json", "_latest_artifact_path": "wandb-client-artifact://7ie861ww43c41kckjkvgwozxsvaxgagg76kzpsj7q5ra7mtqvzkacmjcpurc2r2sxhhf87owk6lh30wqpbsm3tojsa5d3qd1x7mxubx1ae1prmd1e2e8q9lvpnqzzzib:latest/predictions_train.table.json", "path": "media/table/predictions_train_214_cb9cb30970df0a84aff8.table.json", "ncols": 2, "nrows": 2}, "mel_loss_train": 1.6658443212509155, "fm_loss_train": 0.41903141140937805, "gan_loss_train": 3.0250091552734375, "loss_train": 138.6293182373047, "discriminator loss_train": 3.8837192058563232, "grad norm dis_train": 27.955230712890625, "grad norm gen_train": 1256.2838134765625, "epoch_train": 216, "_runtime": 1229.7603209018707, "_step": 214, "steps_per_sec_train": 0.1832686028628022, "_wandb": {"runtime": 1234}}