{"epoch_": 1, "_timestamp": 1701392405.719108, "learning rate generator_train": 0.0001964304374102901, "learning rate discriminator_train": 0.0001964304374102901, "predictions_train": {"_type": "table-file", "sha256": "a016a904361f99a6c3b77300a7d219400408f5585c4ad099d1639bfea84ceace", "size": 71, "artifact_path": "wandb-client-artifact://81zyq6f1phyq063re446kw4tw01mez9vd3hx7xjuecdtrh4nyfoupr4vjrjfhy6polag7q36f09zg930ybu8n5v9fq91cilemf9uhx30rofhgx95lazlipacwg0izfbf:latest/predictions_train.table.json", "_latest_artifact_path": "wandb-client-artifact://81zyq6f1phyq063re446kw4tw01mez9vd3hx7xjuecdtrh4nyfoupr4vjrjfhy6polag7q36f09zg930ybu8n5v9fq91cilemf9uhx30rofhgx95lazlipacwg0izfbf:latest/predictions_train.table.json", "path": "media/table/predictions_train_180_a016a904361f99a6c3b7.table.json", "ncols": 2, "nrows": 1}, "mel_loss_train": 2.4346156120300293, "fm_loss_train": 0.4530768394470215, "gan_loss_train": 2.810563325881958, "loss_train": 129.8161163330078, "discriminator loss_train": 3.483152151107788, "grad norm dis_train": 22.148279190063477, "grad norm gen_train": 568.4595947265625, "epoch_train": 19, "_runtime": 225.59700918197632, "_step": 180, "steps_per_sec_train": 0.08071741639693597, "_wandb": {"runtime": 230}}