{"_wandb": {"runtime": 1}, "epoch_": 1, "_timestamp": 1701392082.8549616, "learning rate generator_train": 0.0002, "learning rate discriminator_train": 0.0002, "_runtime": 2.527360677719116, "_step": 0}