{"epoch_": 1, "_timestamp": 1701391374.1717885, "learning rate generator_train": 0.00019781096706590772, "learning rate discriminator_train": 0.00019781096706590772, "mel_loss_train": 1.993998408317566, "fm_loss_train": 0.15079663693904877, "gan_loss_train": 2.1354129314422607, "loss_train": 98.38917541503906, "discriminator loss_train": 4.6859025955200195, "grad norm dis_train": 10.0, "grad norm gen_train": 10.0, "epoch_train": 12, "_runtime": 130.7135374546051, "_step": 110, "steps_per_sec_train": 0.08380984116945571, "_wandb": {"runtime": 131}}