{"_wandb": {"runtime": 1}, "epoch_": 1, "_timestamp": 1701392114.329893, "learning rate generator_train": 0.0002, "learning rate discriminator_train": 0.0002, "_runtime": 2.4701850414276123, "_step": 0}