{"epoch_": 1, "_timestamp": 1701391472.3970618, "learning rate generator_train": 0.00019900199800099982, "learning rate discriminator_train": 0.00019900199800099982, "mel_loss_train": 2.5619449615478516, "fm_loss_train": 0.3719215989112854, "gan_loss_train": 3.6331140995025635, "loss_train": 166.79591369628906, "discriminator loss_train": 4.71463680267334, "grad norm dis_train": 8.702945709228516, "grad norm gen_train": 100.0, "epoch_train": 6, "_runtime": 61.36492681503296, "_step": 50, "steps_per_sec_train": 0.08511564066287379, "_wandb": {"runtime": 63}}