{"epoch_": 1, "_timestamp": 1701391182.2420573, "learning rate generator_train": 0.00019311770140739687, "learning rate discriminator_train": 0.00019311770140739687, "mel_loss_train": 1.5469393730163574, "fm_loss_train": 0.24118614196777344, "gan_loss_train": 2.3711631298065186, "loss_train": 108.73165130615234, "discriminator loss_train": 3.552250862121582, "grad norm dis_train": 3.212963104248047, "grad norm gen_train": 10.0, "epoch_train": 37, "_runtime": 87.36093330383301, "_step": 70, "steps_per_sec_train": 0.4153974543613202, "_wandb": {"runtime": 87}}