{"epoch_": 1, "_timestamp": 1701392522.1968656, "learning rate generator_train": 0.00019800897604194966, "learning rate discriminator_train": 0.00019800897604194966, "predictions_train": {"_type": "table-file", "sha256": "cb9cb30970df0a84aff874cc45de915a4f210a69410f252455bf6f5c0de15d2e", "size": 91, "artifact_path": "wandb-client-artifact://96pjsmkniv04fn8qfp2j8et7ols1dhvo5iykzpbu7h74iwbo891r8dm7savm2ci7aw3tz0vq5y7zuhfb0y67io3byeqcjrvt9l99blppu7x0u5neth31cg1g38ze2802:latest/predictions_train.table.json", "_latest_artifact_path": "wandb-client-artifact://96pjsmkniv04fn8qfp2j8et7ols1dhvo5iykzpbu7h74iwbo891r8dm7savm2ci7aw3tz0vq5y7zuhfb0y67io3byeqcjrvt9l99blppu7x0u5neth31cg1g38ze2802:latest/predictions_train.table.json", "path": "media/table/predictions_train_20_cb9cb30970df0a84aff8.table.json", "ncols": 2, "nrows": 2}, "mel_loss_train": 1.8993092775344849, "fm_loss_train": 0.4087159037590027, "gan_loss_train": 6.536634922027588, "loss_train": 296.86529541015625, "discriminator loss_train": 3.5398287773132324, "grad norm dis_train": 16.828922271728516, "grad norm gen_train": 3750.116943359375, "epoch_train": 11, "_runtime": 72.4264485836029, "_step": 20, "steps_per_sec_train": 0.1508179157205356, "_wandb": {"runtime": 74}}