{"epoch_": 1, "_timestamp": 1701391782.8906467, "learning rate generator_train": 0.00019525479731672603, "learning rate discriminator_train": 0.00019525479731672603, "mel_loss_train": 1.8579833507537842, "fm_loss_train": 0.3011934161186218, "gan_loss_train": 2.548997640609741, "loss_train": 117.16526794433594, "discriminator loss_train": 7.860723972320557, "grad norm dis_train": 69.04496765136719, "grad norm gen_train": 1489.4544677734375, "epoch_train": 25, "_runtime": 284.6141986846924, "_step": 240, "steps_per_sec_train": 0.08710560866916829, "_wandb": {"runtime": 286}}